,flair,title
0,[R]eddiquette,Will donate thrice the number of upvotes (amount in Rs.) i get for this thread in next 24 hours
3,Politics,Fuck all Religion
4,Politics,German exchange Student at IIT Madras is being sent back home by the Indian immigration department because he joined the protest.
6,Coronavirus,Today's The Hindu
7,Non-Political,"If you are not moved by this picture, I wish I had your heart. [NP]"
8,[R]eddiquette,Megathread: India-Pakistan border skirmish
9,Politics,"""From midnight the entire country will go under a complete lockdown,"" says PM Modi."
10,Politics,"Dear Hindus, we Indian Muslims rejected an Islamic state in 1947.. Now it's your turn to reject a Hindu Nazi state.. Speak up. NOW"
11,Non-Political,"Spend nearly 500 rs bucks to watch JOKER and in return all i got was 30 mins of advertiment before the movies,20 mins adver. in interval, giant subtitles, and stupid tobacco discalimer which stuck through 70% of the time in the screen,which made crucials scenes so distracting and out of focus."
12,Non-Political,Image Of Smiling Baby For Hyderabad Police Officers Who Rescued Him From The Kidnappers Thrill The Internet
13,Politics,This is India.
14,Politics,No Yoga and Yoga. Difference
16,Non-Political,Ganesh Chaturthi & Muharram possessions crossing each other.
17,[R]eddiquette,"Help, ideas needed. HLL poisoned my village with mercury. There have been 250 cancer deaths in just 5 years in just my tiny village. Se[r]ious replies only."
18,Non-Political,"An Indian woman, a Japanese woman, and a Syrian woman, all training to be doctors at Women‚Äôs Medical College of Philadelphia. - October 10, 1885."
19,Coronavirus,"Two NE student in Karnataka were not allowed to enter store to buy groceries, denying them to be Indian even after they showed their adhaar card . STOP RACISM. (Facebook : @kady.aomi)"
20,Politics,Weighing us down?
21,Politics,story of the German student forced to leave after CAA protests
22,Coronavirus,First day of Lockdown in our city/Andhra Pradesh
23,Coronavirus,"""Elders Must Be Respected In Group"""
24,Politics,Mumbai protests aerial view
25,Non-Political,Incredible India.
26,Politics,"Picture of culprit who brandished and fired gun at silently protesting student in Jamia while shouting, ""You want Azzadi? Ye lo Azaadi""."
27,[R]eddiquette,My friend passed away and TOI made a mockery of her.
28,Coronavirus,Migrant worker breaks down while being offered food. Source in comments.
29,Non-Political,Dem truth bombs
30,Politics,All four people accused of Hyderabad vet gangrape killed in encounter.
31,Politics,"Pro-gamer move by Women of Bangalore in a student led protest courtesy of - Section 46(4) of Code of Criminal Procedure, 1973"
32,Politics,"Hello there, from Bangalore"
33,Policy/Economy,"Superheroes in their capes. The ones who fought the crypto battle for 1.3 billion people. Because of them, bitcoin is now legal to trade in India."
34,Coronavirus,Corona cases connected to Nizamuddin dargah jamaat go up!
35,Non-Political,Memes work a bit differently when in Delhi!
36,Non-Political,Hindu cop standing guard as Muslim comrade offers namaz (photo shared by Srinagar Sector CRPF on Twitter)
37,Non-Political,"Tigress Samruddhi with her four cubs at the Aurangabad zoo. The cubs, including two white, were born on Saturday morning."
39,Non-Political,"My father has been taking the same bus to work and back for the last 5 years. Today, all the regular commuters gave a farewell to the bus conductor on his last working day."
40,Politics,Modi: Last Week Tonight with John Oliver (HBO)
41,Non-Political,"When I was small, my parents used to tell me how it is their dream to make my grandparents fly in an airplane; after 27 years of patience and hardwork the moment finally came."
42,Non-Political,From Swiggy‚Äôs Office in Kochi.
43,Coronavirus,"A Manipuri girl at Vijay Nagar, Delhi was spat on by an middle aged man and shouted at ‚ÄúCorona‚Äù before fleeing on his white scooty."
44,Politics,Every Hindu right now to the BJP.
45,Politics,#Profile4Peace #SayNoToWar (x-post from /r/pics)
46,Non-Political,Indian Wonder Woman- Cosplay by Deepica Mutyala
47,Non-Political,Good bois celebrating International Yoga day!
48,Non-Political,If you still throw garbage on street.
49,Non-Political,"Muslim neighbors came, lifted the bier & also chanted ""Ram Naam Satya hai"" in the funeral procession of a Hindu Man, Because of the #COVID fear, none of his relatives came to lift the bier."
50,Non-Political,This type of cringe on LinkedIn is really getting out of hand
51,Non-Political,Welcome to Indian Education where they make you write code with hand.
52,Politics,Team of lawyers who fought against the government in Guwahati High Court to lift the ban on internet.
53,Non-Political,"Celebrating holi amidst snowfall in Sangla, Himachal Pradesh."
54,Business/Finance,A mother wrote to Hindustan pencils about her left-handed daughter's needs and they responded
55,Politics,Running a parallel IT Cell from my home against BJPs IT Cell. 40 servers on AWS. Monitoring 2 lakh bot accounts on Twitter. Find my AWS Bill in comments.
56,Non-Political,Desi Cybertruck
57,Non-Political,"The Trend is spreading to Dimapur, Nagaland."
58,[R]eddiquette,Recent Rape case involving MLA of Unnao
59,Politics,Gay sex has been decriminalised in India. The Supreme Court struck down Section 377 of IPC. Love wins.
60,[R]eddiquette,"Government proposes to remove Article 370, bifurcate Jammu & Kashmir state [Megathread]"
61,Politics,"""In response to Modi's unfortunate comment on the clothes identifying the ""group"" of those protesting against CAB, NRC and NPR, a protestor takes off his shirt to show his janeu. Now what do you have to say about that Prime Minister?"" - Mohan Guruswamy"
62,Non-Political,India did it before it was cool.
63,Non-Political,Beautiful Bangalore
64,Non-Political,- First lady of US is visiting - High security. Secret service all over. No sudden movements Sardar Kid - Sorry... When it's Bhangra time... It's Bhangra time...
65,Non-Political,Spotify after two songs
66,Non-Political,Tesla Semi Truck in India. [NP]
67,Non-Political,Only in India would this be proudly advertised
68,Coronavirus,"Inspite of rising threat from Covid-19 some are still trying make a handful of dime... Wells Fargo* of Marathahalli, Bangalore is forcing employees to do regular work and even locking them up... Police is also not responding... Publicise it for freedom from such slave masters."
69,Politics,Everything is Banned: An Ajnabee's Reaction to the Porn Ban
70,Non-Political,I finally decided to upload my first webcomic [OC]
71,Unverified,India's first indigenous processor developed at IIT Bombay. I am a designer AMA!!
72,Non-Political,Book stall owners using memes
73,Politics,"IAF Sources: 12 Mirage 2000 jets took part in the operation that dropped 1000 Kg bombs on terror camps across LOC, completely destroying it"
74,Unverified,I contacted hotstar support regarding dropping the latest LastWeekTonight episode...
75,Non-Political,Fair and Lowly
76,Non-Political,Wholesome
77,Non-Political,Stolen
78,Science/Technology,India's Bharti Research Centre in Antarctica.
79,Politics,My mood since past few days.
80,Non-Political,Bought a book from Daryaganj for a 70 bucks. Opened it up later to receive this little surprise!!!
81,Coronavirus,A deserted East Express Highway in Mumbai
82,Non-Political,Unpopular Opinion: Divorce rate in India is less because most women are not financially independent.
83,Politics,Better Safe Than Sorry
84,Sports,Indian Women‚Äôs Hockey team returns to India after winning the FIH Women's Series Finals Hiroshima 2019 after defeating host Japan 3-1 in the Final on June 23
85,Politics,Go Save the world!
86,Science/Technology,I saw the Chandrayaan 2 launch in person
87,Non-Political,Artist Badaal Nanjudaswamy recreates an astronaut walking on moon full or craters in Bengaluru
88,Politics,"Bernie Sanders: Over 200 million Muslims call India home. Widespread anti-Muslim mob violence has killed at least 27 and injured many more. Trump responds by saying, ""That's up to India."" This is a failure of leadership on human rights."
89,Coronavirus,I repeat.
90,Non-Political,Excerpt from movie Swadesh
91,Non-Political,"I painted my uncle yesterday. I'm on my trip here in Punjab and have been trying to create this for years now. Oil in sketchbook, ""Darshan"""
92,Non-Political,"A young poor kid offering a part of her meager meal to an elderly dog. I took this photo in one of the biggest temples in West Bengal. In the entire temple, this scene was the one of true devotion."
93,Coronavirus,This Amazon review for top selling face mask
94,[R]eddiquette,"Why are you running, you asked for it ?"
95,Politics,"[P] what the fuck are we doing? the government have banned Porn, Reddit, Pub-G, even live leak & many more website! we should immediately take action now"
96,Politics,The picture pretty much sums up the ideology of BJP right now
97,Non-Political,Somewhere in Assam
98,Non-Political,"RIP Grandpa, what an absolute legend you were"
99,Photography,Inside Mysore Palace. [1080*1168] [OC] [Redmi Y2]
100,Politics,Hasan Minhaj at howdy modi
101,Coronavirus,Captured India with my phone.
102,[R]eddiquette,"Moments after a plane landed, 10 min before gates would be opened"
103,Non-Political,From the Horse's mouth
104,Non-Political,Great idea sirji!!
105,Politics,Heartbreaking photograph. Indian Army officer consoling father of Lance Naik Nazir Ahmad of Kulgam in South Kashmir who sacrificed his life for the country while fighting terrorists recently. India salutes these sons of the soil in Kashmir who always put nation first. Prayers
106,Science/Technology,"A role model for countless Indian women, Kalpana was an ordinary girl from Karnal whose lofty dreams and indomitable courage took her to space."
107,[R]eddiquette,Someone added Laser to Gandhi's eye.
108,Politics,So relevant again!
109,Politics,"How to get away with murder, police edition ~ Kruttika Susarla"
110,Non-Political,Someone made a stormtrooper Ganesha.
111,Non-Political,Just another street in Hyderabad
112,Non-Political,Govinda Govinda
113,Non-Political,Don't call me to your wedding if your bridesmaids aren't dressed like this.
114,Non-Political,Mom found this good boye outside a store in 40 degrees heat.
115,Politics,"Pakistani here, hear me out"
116,Non-Political,"Indian men line-up for a free meal on the occasion of Id-Ul-Fitr near Jama Mazjid, New Delhi. Most of these men are rickshaw-pullers, daily-wage laborers and homeless men who rarely get two square meals a day"
117,Non-Political,"Three businesses, one frame."
118,Politics,Brace yourselves. We are less than 6 hours away from hitting superpower status.
119,Policy/Economy,Anti CAA Protest in Kochi Today
120,Non-Political,"Omni Van turned into off-road vehicle, Hyderabad, India"
121,Non-Political,ToI delivers for a change
122,Non-Political,Harsh reality is we're it
123,Non-Political,Mumbai man cleans 5 million kgs of trash in 96 weeks. [X-post r/pics].
124,Non-Political,Here to share my ballpoint pen drawing with my fellow Indians.
125,Non-Political,"A dog wearing sunglasses hitchhiking atop a rickshaw in Mumbai, India"
126,Sports,Indians Right Now.
127,Non-Political,"Jatayupara, Jatayu Earth Center, Kollam, Kerala [x-post r/pics]"
128,Non-Political,Tesla Cyber Tuktuk
129,Politics,Howdy Modi !
130,Politics,From @PonnappaCartoon
131,Politics,Courage.
132,Non-Political,Love for Canada
133,Non-Political,something something the education system sucks...
134,Coronavirus,"This one hits hard. This was posted on r/samharris, couldn't crosspost because i don't know, only r/india wasn't available for crosspost."
135,Policy/Economy,People caught on camera exchanging their blackmoney after Masterstroke step of ‚ÄòDemonetisation‚Äô
136,Politics,"As soon as Modi noticed the camera gazing at him, he started praying. [ABP News]"
137,Non-Political,Someone wrapped him in a plastic cover and left to die on the road. We took him home. Finger for scale.
139,Politics,Protest placard in Azad Maidan Mumbai : ‚ÄúI am from Gujarat. My documents burned in 2002‚Äù
140,Politics,Umar Khalid shares a JNU Incident related to Manmohan Singh.
141,Politics,Locked up home
142,Sports,"Swapna Burman, 6 toes in both legs, no money for special shoes. Father a rickshaw puller, mother working in a tea garden, running for her country in the final event of the Heptathlon with a bandaged jaw. And winning it for India This country certainly has no shortage of heroines"
143,Politics,"Boycott Kerala, by Pencilashan"
144,Politics,State of the Republic
145,Non-Political,Indian news anchor gearing up for landing
146,Non-Political,"I lost a night's sleep driving and camping out here but when the sun rose, this view made it all worth it. Nandi Hills in Karnataka. [NP]"
147,Non-Political,Grocery shopping list of an Indian wife
148,Politics,Horrific videos coming out of JNU. Another university attacked.
149,Non-Political,How to get more volunteers for 'The ugly Indians' cleanup campaign? Below was result of 3 hour and 15 volunteers
150,Non-Political,"Since I'm leaving the country for education, I thought I'll sell my guitar for a good price on Olx. Got a call from a guy claiming that he's from an orphanage. Had my doubts but still sold it at a much cheaper price to him than what others were asking. Turned out to be really wholesome. Made me glad"
151,Sports,PV Sindhu becomes the first Indian to be Badminton World Champion!
152,Photography,Entire Jaipur from Nahargarh! (5283 x 3500)
153,Sports,60 thousand fans turned up today to support the Indian football team against Bangladesh.
154,Politics,"While I am a Hindu, ....."
155,Politics,How to destroy a country in 5 years.
156,Politics,Deccan Herald 23/12/2019
157,Non-Political,Andhra Pradesh should redesign this map/logo
158,Politics,Most powerful image of the day (@ranaayyub)
159,Politics,Who do you call when the police murders?
160,Non-Political,"#trashtag India. Cleaning up the local Ganges riverbank in our small town of Uttarpara, West Bengal."
161,Non-Political,Actual footage of people trying to prebook Avengers: Endgame on BookMyShow since yesterday
162,Non-Political,"Back in the day, almost every household in India had one of these!"
163,Politics,Arnab Goswami & John Oliver
164,Non-Political,"Today my office gave us India flags which are Eco friendly seeded products. Each of these flags contains a live seed which can be planted. Once you place the seeded item under a thin layer of soil, it will bloom within 4 to 6 weeks"
166,Non-Political,Mom came up with this impressive idea to celebrate my bday amidst lockdown (choco pie & chena khir)
167,Politics,AAP's response to BJP's Prakash Javdekar.
168,Politics,"Delhi police breaking the wind shield of an auto in Seelampur, Delhi [Source: BBC Hindi]"
169,Politics,Hotstar nukes PM Modi episode of last week tonight with john oliver.
170,Non-Political,I stuffed most of Europe inside India
171,Non-Political,Tumbbad fan poster by me
172,Science/Technology,Indian farmer builds lean mean TREE CLIMBING machine!
173,Policy/Economy,"The only reason why i love the new currency notes is the monuments that have been depicted. Hampi, Feb 2020"
174,Non-Political,A silver Rupee coin from 1862!
175,Politics,I am afraid of the DLCs.
176,Non-Political,Me at Kerala
177,Non-Political,Netflix India case study.[OC]
178,Non-Political,"A misty morning in Idukki,Kerala."
179,Coronavirus,A public message from a resident doctor of Safderjung hospital in Delhi. #COVID19
180,Politics,The hero we need but don't deserve. Bharat Bhushan Gupta Aadhar breach whistleblower.
181,Non-Political,"Wanted to share my recent painting with you guys. ""The Golden temple"", oil on canvas, 30""x40"""
182,Photography,Into the Storm. (mumbai edition)
183,Non-Political,"I thought there was a lack of India based satire comics, so I made my own! - Brown Paper Bag. Let me know what you guys think about a few of my first comics"
184,Coronavirus,"Social distancing in vegetable market in Vijayawada, Andhra"
185,Coronavirus,This is insane advertisement.
186,Food,When you take your firangi friends to an Indian food joint
187,Politics,Find someone who looks at you the way Putin looks at Modi
188,Food,This is Burger King's Chicken Tandoori Grill burger. What they advertise is above and what they delivered to me today is below.
189,Politics,From Deccan Herald - 12.12.19
190,Science/Technology,ISRO releases photo of moon taken by Chandrayaan-2
191,Politics,An ode to Gandhi ( from twitter )
192,Politics,Every home today morning
193,[R]eddiquette,Need all the help possible.
194,Non-Political,Found at a hospital in India.
195,Non-Political,Bengaluru City Police
196,Politics,Pretty much the current state of India
197,Photography,Just a photo of HP Petrol Pump I took recently. The line drawing is added in PS later. [OC] 3922x4902
198,Non-Political,An in depth news coverage of the monsoons
199,Non-Political,#satisfying
200,Non-Political,[OC] This Contest From Maggi.
201,Politics,Modern day mathematics for modern problems...Brilliant stuff!
202,Non-Political,Pic From Rural Kerala
203,Politics,The Times Of Modi!
204,Non-Political,Science students can relate
205,Non-Political,I am a Muslim and I wish all my Hindu brothers and sisters a happy Dusshera!
206,Coronavirus,This is too funny
207,Business/Finance,YES Bank
208,Non-Political,The Original 10-Year Challenge
209,Non-Political,It's confirmed but also not confirmed.
210,Non-Political,When Google gives up
211,Politics,A Big Lake in Chennai - 2018 vs. 2019
212,Non-Political,Something I made given the time _/\_
213,Non-Political,Good boi in traffic
214,Politics,At the Pune protest at Pune University
215,Politics,"This girl with a ""Donate a book to the needy"" placard"
216,Sports,Congratulations to the Indian Women's Rugby Team who have scripted history by registering their First-Ever International 15s Victory by beating Singapore in the Asia Rugby Women's Championship Division 1
217,Politics,Chill!
218,Non-Political,Hi r/India! I wanted to share this piece I finished this morning of my granduncle in Punjab
219,Non-Political,Today's BombayTimes is almost 90% filled with ads.
220,Photography,"Not a glitch in the photo, Jama Masjid, Ahmedabad"
221,Non-Political,"MERRY CHRISTMAS. Hindus stand in queue to buy Christmas Cakes, from Jewish bakery, made by Muslim baker to celebrate a Christian festival. The best cakes in Kolkata."
222,Politics,"Saket Gokhale: I‚Äôm applying for permission to @DelhiPolice this week for taking out a rally chanting ‚Äúdesh ke gaddaron ko, goli maaro saalon ko‚Äù."
223,Non-Political,Every single time!
224,Politics,Today is 26/11
225,Coronavirus,15-year-old asks PM Modi to order all religious trusts to donate 80% of 'God's wealth' to fight Covid-19.
226,Non-Political,[OC] I painted a mural.
227,Policy/Economy,Modi: From Nov 8 to abolish 500 and 1000 Rupee notes.
228,Politics,"Deccan Herald - Speak Out - December 31st, 2019"
229,[R]eddiquette,A man confronts the cops harassing a couple in a park. Much respect! We need more folks like him.
230,Non-Political,"Powai, Mumbai - The great divide"
231,Food,Pick your poison wisely!
232,Unverified,"I've never felt so helpless, please help our family."
233,Non-Political,Something wholesome I came across this morning in Bangalore
234,Non-Political,"A watercolour painting of the Jama Masjid I did today from an old photo of mine, I hope you like it and wish you all courage and patience for the days to come !"
235,Politics,Catch it before it‚Äôs too late.
236,Politics,Pune. My city. Standing strong. How about you?
237,Non-Political,Vegetable market in Sikkim
238,Photography,"India Gate ( Arc-de-Triomphe"" like archway in the middle of a crossroad)- New Delhi It took 3 attempts to realise this picture - Nikon D700 | 800 x 501"
239,Coronavirus,He knew
240,Politics,Every single day this spot is absolutely cleaned by the garbage collection guys only to be again dumped with garbage by the end of the night. When will we learn some civic sense to not throw garbage right in the middle.
241,Science/Technology,"India supplied over two thirds of AIDS medication globally over the last two decades, bringing the treatment cost down from $414 per person per year to $74 per person per year which also supported the number of infected people getting treatment increasing over five fold during the last decade."
242,Non-Political,Domestic Dog saves the lives of 30 People in UP
243,Politics,"Dera Sacha Sauda chief Gurmeet Ram Rahim found guilty of rape, taken into judicial custody"
244,Politics,Today's Telegraph. Vive la r√©volution.
245,Sports,Sunil Chhetri (Charcoal art) made in our uni
246,[R]eddiquette,Rivalry at its classiest
247,Policy/Economy,57 billionaires control 70% of India‚Äôs wealth ‚Ä¶ India is second most unequal economy after Russia
248,Non-Political,IISC Banglore
249,Food,"Tis the season, people :D"
250,Politics,Countries with smaller population than Uttar Pradesh.
251,AskIndia,Just realised that MDH uncle‚Äôs photo only appears on the vegetarian items
252,Photography,"[OC] Although mumbai rains are disruptive, they do bring beautiful scenery and holidays."
253,Politics,"Tired Of Racism, Northeastern Students Appeal To The Country To Stop Calling Them 'Coronavirus'"
254,Non-Political,"Even when the Avengers are in trouble & no matter where they are, our Sikh bros will be ready to serve the Langar."
255,Science/Technology,Hi folks here's a map I made of India's railway network - data from OSM.
256,Non-Political,Indian albino family
257,Politics,"The Great Wall of India for Trump, by Pencilashan."
258,Non-Political,Me and my dad at Taj Mahal. 25 years apart!
259,Non-Political,When you're promoting a patriotic movie but someone asks to show your passport
260,Politics,Hyderabad #CAAProtests
261,Politics,If irony needed a profile picture.
262,Non-Political,"""I bless the rains down in Africa"""
263,Non-Political,Its my Rajapalayam's 10th birthday! Hes the best dog ever. Wish more people here knew about this nearly-extinct breed rather than importing Huskies and torturing them in the scorching Indian summers!
264,Politics,Today's Hyderabad protest
265,Politics,Brave students Protesting against NRC and CAB in Delhi
266,Coronavirus,Social Distancing - Kerala way
267,Non-Political,Digital potrait of Amrish Puri in Temple of Doom by Rohit Singh
268,Photography,Captured this just before sunrise near Bhimavaram on my way to Vizag by train.
269,Photography,Indian Ascetic during Kumbh Mela.
270,Non-Political,Getting in on the Selfie craze [P]
271,Non-Political,A coconut vendor celebrating Deepavali in Bengaluru !!
272,Politics,Thanks Delhi - For giving India some hope
273,Non-Political,No comics today. [OC]
274,Politics,John Oliver rips apart Arnab Goswami on today's episode of Last Week Tonight. Must watch! Should be on YouTube soon.
275,Non-Political,Good evening India. You might remember I posted her half finished a while a go? Here she is! My finished Lakshmi Diamond Painting.
276,Photography,Mangroves in Mumbai. Poco F1 (3024x4032)
277,Politics,A poster at Shaheen Bagh
278,Policy/Economy,Lone Aadhaar dissenter wins a point
279,Non-Political,"A member of indian army services corps at Dunkirk, 1940."
280,Non-Political,Spotted in Delhi
282,Politics,#Justice for Asifa # Beti Bachao
283,Non-Political,When you lose your ball ..you improvise..this happens only in India?!?!
284,Politics,Maslow‚Äôs hierarchy of needs
285,Non-Political,Indian parent
286,Business/Finance,Please give this guy his ‚Çπ2
287,Non-Political,Print media finally standing up against social media.
288,Non-Political,Whats with this country and its standards?
289,Non-Political,Konark Wheel sculpted by Sudarsan Pattnaik at International Sand Art Exhibition
290,Non-Political,Anyone can win IPL but...
291,Non-Political,"Sprinter Dutee Chand says she‚Äôs in same-sex relationship with soulmate. Dutee Chand, the 100 m record holder and winner of two silver medals at the 2018 Asian Games, is the first Indian sports star to acknowledge being in a same-sex relationship."
292,Non-Political,Finishing his homework.
293,Business/Finance,Creativity Level - Blue
294,Non-Political,Nirbhaya case: All 4 death row convicts have been hanged at Tihar jail
295,Politics,"Divide and Rule, by Sharique"
296,Politics,"What you allow, you encourage."
297,Sports,Dutee Chand won the Gold Medal in Women's 100m sprint at the 30th Summer University Games in Naples (Italy) on Tuesday. This is the first time an Indian has won a 100m Gold at this global event! No Indian had qualified for the 100m final in the history of the University Games before this.
298,Policy/Economy,The new 20 rupee note! Clear inspiration from Mango Bite.
299,Non-Political,How Google Autocomplete Describes India [OC] Re-upload with better readability
300,Sports,Tomorrow is a new day.
301,Sports,Cow playing football. Watch till end.
302,Non-Political,This is Shakuntala Devi aka the human calculator. We all might have heard about her but a lesser known fact is that she was also the author of first Indian book on homosexuality titled ' The World of Homosexuals.'
303,Politics,The masked goons who attacked our democracy.
304,Non-Political,One of the greatest writer of India: Munshi Premchand and his wife Shivrani Devi
305,Politics,Burj Khalifa marks India‚Äôs 68th Republic Day with a spectacular LED illumination of our National flag
306,Politics,Spotted In Bombay Protests Today
307,Non-Political,Me and the boys going to CP.
308,Politics,Harsha Bhogle.
309,Politics,The image speaks for itself.
310,Non-Political,"Zebra crossing painted but there's no way to cross in Banjara hills, Hyderabad."
311,Policy/Economy,"All Indians are equal, but some are greater than others - by sanitarypanels"
312,Non-Political,"Kerala tourism advertisement at Times square, New york"
313,Politics,The Continuing Practice of Untouchability in India.
314,Non-Political,Thug life autowala. From r/Hyderabad
315,Politics,Protesters have gathered outside Gateway if India since morning to condemn the violence at JNU. We want freedom from this fascist government
316,Politics,Bengaluru traffic cop stops President‚Äôs convoy to let ambulance pass; wins hearts and reward too
317,Non-Political,Did a Cyberpunk edit on a Paharganj photo I found online.
318,Non-Political,"5-year jail term, Rs 50 lakh fine for ads promoting skin fairness, govt proposes"
319,Non-Political,My relatives visited me. And I live with my girlfriend unbeknownst to them. And they lost their shit. And it was a thing of beauty. (Re-posting because violated some rules earlier)
320,Non-Political,Indian Parents be like
321,Non-Political,Current State of Tamilnadu...
322,Sports,Sunil Chhetri has equalled Lionel Messi with 64 International Goals.
323,Sports,"Abuse us, criticise us but please come watch Indian team play: Sunil Chhetri appeals to football fans"
324,Sports,These boys in blue have had a fantastic few years too!
325,Non-Political,Meanwhile in Gurugram
326,Politics,"Anand Mahindra - ""It doesn't matter what your politics are. It doesn't matter what your ideology is. It doesn't matter what your faith is. If you're an Indian, you cannot tolerate armed, lawless goons. Those who invaded JNU tonight must be traced & hunted down swiftly & given no quarter..."""
327,Non-Political,[OC] Lightning in Bangalore today
328,Policy/Economy,"You Will Not Decide What One Wants To Watch, You Are A Certification Board Not Censor Board: Bombay HC to CBFC"
329,Non-Political,"For this republic day, I doodled a fully procedurally generated Indian Flag. (Source code in comments)"
330,Business/Finance,When you order North Indian food from Swiggy
331,Politics,"Anurag Kashyap, Anubhav Sinha, Zoya Akhtar, Kunal Kamra, Diya Mirza, Tapsee Pannu, Gauhar Khan, Rahul Bose protesting against the government."
332,Non-Political,Ravan Dahan ft. Captain America
333,Politics,Which is that strange weapon which can transform India?
334,Politics,"Beef Ban, Demonitsation, Swacch Bharat and Digital India - Modiji's all the achievements in one frame."
335,Food,It‚Äôs that time of the year everyone !
336,Politics,"Hi r/India, I've been doing some messy, painterly wallpapers of countries' flags, here's yours[1920x1080]"
337,[R]eddiquette,Every single day this spot is absolutely cleaned by the garbage collection guys only to be again dumped with garbage by the end of the night. When will we learn some civic sense to not throw garbage right in the middle of the road especially when there are people living around.
338,Non-Political,Former President APJ Abdul Kalam passes away
339,Non-Political,The truth has been spoken.
340,Politics,"It's a humble request to you all, please don't share this image. You can go to jail."
341,Politics,Deepika Padukone reaches JNU to support protesting students.
342,Politics,We live in an unjust world!
343,Politics,A neta is born:
344,Politics,Anti NRC & CAA rally happening in Bengaluru now. Most roads jammed. Heavy police deployment across the city. Organisers say over one lakh people have asssmbled. Say it is a peace meet.
345,Politics,Is this true?
346,AskIndia,"The missing autistic kid case, desperately need your help please take a minute out of your busy life and help."
347,Non-Political,"Rape of 7-year-old in Bengaluru: Lack of medical report and top lawyer's defense gets accused off the hook. The defence first suggested that the child ‚Äì the seven-year-old ‚Äì was sexually active. When this line was objected to, the defence maintained that she had a vivid imagination. [Sept. '19]"
348,Politics,Right To Privacy is Fundamental Right
349,Food,Followed a new recipe and made butter chicken plus garlic naan from scratch.
350,Non-Political,Endangered crocodile species in Chennai dies due to loud music from a Sheraton hotel event
351,Food,To all the Biryani lovers out there
352,Non-Political,"Because you guys loved the first artwork, here is a second one. Lodhi Art District, Delhi"
353,Non-Political,Indian Fairness cream ad starterpac [OC]
354,Non-Political,"Life Pro Tip India - If you're getting spammed with ""Personal Loan"" calls, don't hang up or pick and abruptly cut the call. Pick the call, say you want the loan badly and tell them you're jobless and don't have any collateral. They're mark you as Junk on their CRM and steer clear of you."
355,Photography,"[OC] Managed to click this magnificent peacock in Kovalam, Kerala - 3024x4032 - iPhone"
356,Non-Political,This genuinely makes me sad. Imagine a world without Wikipedia. Please help if you can.
357,Politics,Empires of India [GIF]
358,Politics,When 107-year old 'Mother of Trees' Saalumarada Thimmakka broke protocol & blessed President Ram Nath Kovind while receiving Padma Shri award.She has planted 8000 trees including 400 banyan trees across Karnataka.
359,Non-Political,Bengaluru police at it with the GOT references! [NP]
360,Sports,"Meet our nation's future Olympian in shooting. She just blew away Commonwealth Games Record and won Gold by a huge margin of 6.9 points, defeating another shooting veteran Heena Sindhu. And she was born in 2002! just 16yrs old!"
361,Politics,Deccan Herald does it again.
362,Non-Political,Flipkart now uniting long lost brothers.
363,[R]eddiquette,"Hunger in Chennai (Madras), India, 1876"
364,Non-Political,India's creativity.
365,Sports,Live IPL score on a taxi in Hyderabad
366,Politics,"An attempt to address the list of ""simplified"" explanation that is floating around in an attempt to justify the Citizenship Amendment Fact"
367,Politics,Deccan Herald Speak Out pokes Modiji with a dialogue from Amitabh Bachchan-Shashi Kapoor starrer Deewar. Deccan Herald 03-01-2020
368,Politics,India (1950): 'The Wages of untouchables are wrapped in a leaf and dropped from a safe distance into their hands'.
369,Politics,Scientists Say Cow Urine Has 'Zero' Health Benefits & That Sounds Like Bad News For Indian Govt
370,Non-Political,Indian Air Force pilots. 1971 and 2019
371,Policy/Economy,Supreme leader catching up with the trends...
372,AskIndia,Possible scam on the huge Youtube tech channel PhoneRadar. I am the winner. Need advice
373,Policy/Economy,Hindus put up posters saying ‚Äòsorry‚Äô for mosque attack in Dwarka
374,Food,This Thali!
375,Coronavirus,It's big brain time..
376,Non-Political,[NP] Wikipedia needs our help.
377,Non-Political,"Sacred Games season 1 fanart poster, by me"
378,Non-Political,Mumbai police's recent tweet on scams.
379,Non-Political,Shimla
380,Non-Political,Indian auto drivers during a traffic jam
381,Non-Political,"I saw your Meghalya post and i raise you this boi.... Someplace on the way to Kheerganga, HP."
382,Non-Political,Happy birthday SIR APJ ABDUL KALAM. The missile man would've been 88 today.
383,[R]eddiquette,"Viral Hindu-Muslim, India-Pak lesbian couple celebrates anniversary with new pics. They are stunning"
384,Coronavirus,Translation: Be careful. We ought to save ourselves too while we save them.
385,Photography,Kolkata at night during Durga Pujo
386,Non-Political,For all our desi Calvin and Hobbes and Chacha Chaudhary fans!
387,Non-Political,LED traffic strip lights in Hyderabad
388,Policy/Economy,"I made 13 illegal toll booth vanish overnight, milking 3-4 lakhs everyday, using RTI"
389,Politics,Deccan Herald's Speak Out: 7th March 2019.
390,Non-Political,The 90's is (calcium) strong with this one!
391,Politics,When you have more phones than toilets
392,[R]eddiquette,This year's hand made Ganesha by my sis
393,Non-Political,"[Showerthought] Netflix should provide a ""Skip Song"" Button for Indian movies."
394,Non-Political,I see your good boi in traffic with purrtty kitty in traffic.
395,Sports,"Rahul Dravid ""I don't think I can just get a doctorate because I happen to be a famous cricketer, I need to have done something to earn it."" via book Democracy's XI"
396,Politics,"Jawaharlal Nehru Meeting Albert Einstein At Princeton, USA, 1949"
397,[R]eddiquette,The Gold Standard.
398,Photography,"Mornings at Mulki, India."
399,Non-Political,Tinder scene in India
400,Coronavirus,Bengal man who was out to buy milk dies after being beaten up by police
401,Politics,Deccan Herald showing what a hypocrite our PM is
402,Coronavirus,Today's March 32nd | Line of no control | TOI
403,Photography,Painted near cyber tower
404,Non-Political,"Wanted to share this piece I just finished with you guys, ""The messenger"""
405,Non-Political,Father of the year - SCLR Mumbai
406,Policy/Economy,India's poverty rate has started to rise after almost three decades of continuous reduction.
407,AskIndia,Railway police sent missing autistic kid on some random Goa baound Train please help.
408,Business/Finance,"Zomato delivery executives at Bawarchi, Hyderabad."
409,Politics,What a shame :(
410,Non-Political,"Some of you asked to see him when finished. Here he is! Ganesh - my 56,000 piece Diamond Painting. Hope you like him üëçüêò"
411,Politics,Exclusive CCTV footage of police brutality in jamia millia islamia university on 15 December 2019
412,Non-Political,Winter is coming
413,Non-Political,Divided by religion
414,Politics,Firozabad police fact-checking zee news (translation in comments)
415,[R]eddiquette,People don't understand the differences between the army and the paramilitary. BUT THEY MUST.
416,Non-Political,The whole world is trending #deletefacebook and we're trending this.
417,Non-Political,Literally any talent show here.
418,AskIndia,Does my period really makes me impure?
419,Non-Political,Youth gathered yesterday in from of Palika Market- Delhi for a silent protest against climate change and to save our mother earth.
420,Politics,Root cause of the problem. This protest will be remembered for memes and sense of humor.
421,Politics,The famous duo in new movie
422,Politics,An NBA activist showing black flag to Manmohan Singh in 2006. MMS encouraged dissent. Photo by Vikas Khot
423,Politics,Tamilnadu sending the correct people to prison
424,Unverified,My friend raised a complaint on Urbanclap and CEO replied with this
425,Coronavirus,Healthcare Experts in an AMA on low count of COVID-19 cases in India
426,Non-Political,Netflix and other streaming services should have a 'Skip Song' feature (like 'Skip Intro) for Bollywood movies.
427,Politics,Sab Changa Si
428,Politics,I don't know how this was not a bigger national discussion. Almost a dozen Navy officers were arrested for spying for Pakistan recently under Operation Dolphin‚Äôs Nose
429,Non-Political,I started my Btech degree yesterday at the age of 25.
430,Non-Political,"Equinox at Shri Padmanabha Swami Temple, Kerala"
431,Non-Political,"My grandmother, her children, and her sisters in pre-Partition India."
432,Non-Political,"GoT theme song played by ""Arambh"" band using bulbul and dhol tasha in dombivali, India on the occasion of gudi padwa. Thought reddit should see this."
433,Non-Political,"Bengaluru cops pose as passengers, collect Rs 8 lakh in fines from errant auto drivers. Bengaluru autorickshaw drivers were fined for refusing to ply to certain destinations, demanding more fare and also not having valid or improper documents."
434,Non-Political,Madhubala - Marilyn Monroe of Bollywood
435,Politics,"Rahul Gandhi: 'Rahul Gandhi looked after us emotionally, monetarily, but asked us to keep it a secret,' says Nirbhaya's father [Nov, 2017)"
436,Politics,this new sign just went up at a karachi bakery in hyderabad
437,Non-Political,"Each woman in this 1885 photograph was the first licensed female doctor in her respective country (India, Japan, and Syria) [xpost: /r/oldschoolcool]"
438,Non-Political,"Staff from the Election Commission of India returning after conducting a local election in Leh. (Altitude above 10,000 feet)"
439,Non-Political,I made the Taj Mahal in Far Cry 5!
440,Politics,Protester giving red rose to Delhi Police at Jantar Mantar
441,Politics,A picture is worth a thousand words...
442,Non-Political,"This advice is so Indian and relevant, it made me laugh so hard."
443,Non-Political,"Saw two gentlemen, one with a tray full water glasses and the other with a jug full, get on the bus at a traffic stop. Can't put into words how amazing this small gesture made me feel. [Musheerabad, Hyderabad]"
444,Non-Political,A view of the Taj Mahal that you do not usually see. (X-post from r/interestingasfuck) [NP]
445,Non-Political,I meet these kids everyday when I go on my run. They're always happy.
446,Policy/Economy,No Onion at Subway
447,Non-Political,Mother Tongue by Region based on 2011 Census
448,Unverified,Desperate times calls for desperate measures
449,Non-Political,[NP] We should really appreciate Mumbai Police's social media team.
450,Sports,"These Indians in Russia with banner saying ""India coming soon!"""
451,Non-Political,'Privileged should try and create a better world': second-richest man in India gives $7.5 billion to his charitable foundation
452,Politics,"Sushma Swaraj with The King, The Queen and The Prince of Bhutan"
453,Politics,Delhi Elections 2020 by Sanitary Panels
454,Unverified,Interesting marketing strategy by an Indian restaurant
455,Photography,Goddess Kali drawn on a Starbucks cup by artist Rashmi Krishnappa. [Non OC]
456,Non-Political,I took this image while travelling in the remote villages of Telangana. A man is getting ready to perform in a play while his daughter observes him with all wonder.
457,Politics,"#BREAKING - Father of the woman who said that she was raped by a BJP MLA & his accomplices, passed away, allegedly in police custody, after he was arrested yesterday. The woman & her family had attempted suicide outside UP CM Yogi Adityanath‚Äôs residence in Lucknow yesterday [P]"
458,Non-Political,Life savers!
459,Politics,From Today's (29th Dec) massive rally in Pune against discriminatory CAA and NRC!
460,Politics,India Gate
461,Politics,"""Rioteers can be indentified by their Dress"""
462,Photography,Mural Painting done by my Mom
463,Politics,BJPs campaign so far
464,Non-Political,Almost half finished: my Diamond Painting of Godess Lakshmi üôè hope you like her üáÆüá≥.
465,Sports,Low cost carrom
466,Politics,SanitaryPanels strikes again.
467,Business/Finance,Netmeds.com showing misleading numbers saying 'N people are viewing this item' while it is just random number.
468,Politics,India conducted surgical strikes last night across LoC to safeguard our nation: Defence Ministry
469,Sports,India‚Äôs Sumit Nagal took down Roger Federer 6-4 in the first set!! Yay!!
470,Politics,"One Country, Two Standards"
471,Science/Technology,ISRO's twitter handle just shared this imaged of the GSLV Mk3 launch
472,Non-Political,The traffic police in this city is getting creative
473,Non-Political,"Thank you, from a foreigner in Hyderabad"
474,Coronavirus,A Hero's Welcome (Artist: Uday Mohite)
475,Non-Political,Who else remember the Beyblade tazos spinners come with lays & cheetos back in 2000's?
476,Politics,A rare photo of Subhash Chandra Bose meeting with Hitler
477,Business/Finance,Zomato being Tomato
478,Coronavirus,"Corona has proven that India's bigger problem is not illiteracy, it's stupidity of literate people."
479,Non-Political,"In an upscale apartment society of India, maintenance committee teaching people about dog poop!"
480,Non-Political,Lego golden temple
481,Science/Technology,God bless India
482,Non-Political,india's got talent
483,Politics,Poster at Ahmedabad protest.
484,Politics,"EXCLUSIVE: Documents Show Modi Govt Building 360 Degree Database To Track Every Indian: Documents obtained under RTI show the govt is planning to use Aadhaar to automatically track every single Indian ‚Äì from who they marry, address changes, financial status ‚Äì through the National Social Registry."
485,Non-Political,Hmm
486,Politics,"87 years ago today, Shaheed Bhagat Singh was executed in Lahore, he was 23 years old."
487,Politics,#Breaking | A 16-year-old girl commits suicide in Kanpur after being let down by the cops. The cops didn't file an FIR against the 3 accused who gang-raped her.
488,Non-Political,[Meme] Every Indian childhood ever.
489,Non-Political,"Friends back in village have a book club, pic from this Sunday reading under banyan tree."
490,Policy/Economy,India just approved net neutrality rules that ban ‚Äòany form‚Äô of data discrimination
491,[R]eddiquette,Reddit meetup 2018 - Kolkata
492,Photography,"Jodhpur Railway Station. Cleanliness on point. 3120 x 4160, Asus Zenfone Max Pro M1, 13 MP"
493,Politics,Real Priorities of our government [NP]
494,Non-Political,Save Water
495,Non-Political,"A guy with a Higher degree than me, delivered my food today."
496,Politics,"Cartoon by Rohan Chakravarty, 15 Feb 2020"
497,Business/Finance,[OC] [Meme] India's massive Jio carrier is blocking VPN sites and violating net neutrality rules
498,Politics,The Pyramid od Capitalism in India
499,Non-Political,TIL: An Indian will spend one-fifth of this life's earning on a wedding ceremony
500,Politics,"Mamata Banerjee, Chief Minister of West Bengal, leading a rally against CAB."
501,Sports,"England divides, England unites."
502,Politics,"66 years old Elderly cleric of one of the oldest and most respected Shia seminaries of Muzaffarnagar, Maulana Asad Raza Hussaini, a presidential award winner, brutally beaten up by Ajay Bisht's UP Police. (Source in comment)"
503,Non-Political,"The Mizoram kid, Derek C Lalchhanhima, whose innocent act of taking a chick to hospital went viral yesterday was appreciated at his School St. Pio, Sairang today."
504,Non-Political,"Thank you Reliance Fresh, very cool!!"
505,Non-Political,"A Hero Will Rise, digital art by Edwin Christo"
506,AskIndia,Who else miss the old Cartoon Network Shows?
507,Photography,Our national pothole is here !
508,Non-Political,Flipping bottles is too mainstream
509,Non-Political,Help Simran
510,Non-Political,This Manipur Man Has Single-Handedly Replanted A 300 Acre Forest And Saved Over 250 Species Of Plants
511,Photography,"[OC] A view from our campsite in Dallapalli, Andhra Pradesh. 4608x2304, Shot on OnePlus 5T. F1.7 ISO100."
512,Politics,So coincidental..
513,Politics,"The chronology, as it stands."
514,Non-Political,Religion? Zero fs given by all other animals except us.
515,Politics,From Jakob's wall.
516,Sports,This is massive! India wins 368 medals at Special Olympics Summer Games! Kudos!
517,Politics,Hindu man gets severe burn injuries while saving six Muslims!
518,Policy/Economy,CAB Bill 2019 - News/Protests/Editorials Megathread
519,Non-Political,Swiggy now delivers fresh fish?!
520,Non-Political,[NP] This is Thameem. The Ambulance Driver who drove 518 kms in 6 hours from northern tip of Kerala to the Southern end. The ambulance was taking a 31 day old baby from Pariyaram Medical College (Kannur) to SAT Hospital (Trivandrum). The ambulance reached SAT at 03:15am today morning.
522,Non-Political,"New Delhi in 1950s. Clean air, without smog."
523,Non-Political,"No Safety gear, no protection for construction workers. That's how building homes works in our country"
524,Policy/Economy,Shaheen Bagh right now
525,Politics,Excerpt by Ahsis Nandy from his interview with Modi in 1996
526,Politics,Kerala is pulling plastic from the oceans to build roads. Removed 25 tonnes of plastic from the Arabian Sea in first 10 months.
527,Non-Political,"A few days ago, I shared the first of my India based comics - Brown Paperbag. The response has been overwhelming. I owe a lot of it to Reddit /r/India. So here are some more of them for those of you who are not on Facebook"
528,Photography,"""Nirvana"" (4000x6000 | Hussain Sagar, Hyderabad)"
529,Politics,CAA Protest in Toronto(Modi's report card)
530,Politics,LODHA Group files INR 100 CRORE Defamation court against Youtuber Activist Krishnaraj Rao.
531,Photography,The neighbor kids and my puppy fell in love with each other at first sight
532,Non-Political,Let's all take a moment to appreciate the Dev Team's commitment here
533,Non-Political,Asianet News has an interpreter translating every word into Sign Language
534,AskIndia,24 year old male with no degree
535,Politics,Netflix got no chill
536,Politics,"On this day 2 years ago , we lost these two brave warriors in the war against black money ."
537,Politics,"Mohammed Sharif, a bicycle mechanic who has been performing the last rites of thousands of unclaimed dead bodies for the last 25 years Awarded Padma Shri."
538,Non-Political,Best 10 year challenge feat. Gujjuboi No. 1
539,Non-Political,The real Punjabi deal
540,Politics,Welcome home Dr. Kafeel Khan
541,Photography,Only in India.. at Mysore Zoo
542,Non-Political,Respect for whoever did this.
543,Politics,"Panama Papers - In Pakistan it gets you Disqualified, In India you get to promote GST!"
544,Photography,[OC] Polluted/ Smoggy Skies over Delhi vs Pollution free skies over Ladhak üòÑ - Taken during flight from Leh to Delhi today. | 1080 x 1620
545,Non-Political,Stop being a racist!
546,Politics,Narendra Modi vs Vivek Oberoi
547,Sports,Did you know?
548,Non-Political,"An Indian doctor chose to stay in China and treat coronavirus victims, despite his mother's pleas to return home"
550,Food,Standard Hot Chips Counter.
551,Politics,Breaking : State Of Kerala Files Suit In SC Against Union Govt Challenging Citizenship Amendment Act [Read Plaint]
552,Non-Political,My Covid-19 quarantine experience
553,Politics,Found this in r/propagandaposters. Couldn‚Äôt cross post so I just reposted it here. Looks like USSR couldn‚Äôt get our flag right.
554,Non-Political,Lenskart is an asshole. It won't let you unsubscribe from it's shitty emails by disabling the unsubscribe button
555,Non-Political,Opened my taxation laws textbook and this is the first thing I saw. As Indian as it can get.
556,Politics,We're bleeding as a nation
557,Non-Political,"A traffic policeman fed a homeless woman who was too weak to eat on her own in Hyderabad, India (x-post from pics)"
558,Photography,"Dog found in Jaipur (OnePlus5, 1306x979)"
559,Non-Political,"[NP] Constable Sudarshan Shinde, saving a girl caught in Kamala Mills Fire in Mumbai. Risking his life, he saved 8 lives, carrying them on his shoulders."
560,Non-Political,Greatest evolution of a recharge shop
561,Non-Political,Indian army removes 130 tonnes of waste from siachen glacier to protect its ecosystem.
562,Politics,Nearly 100 strong protest in Chicago in subzero temperatures
563,Food,Some of the food I ate in India
564,Sports,The most competitive sport in all the land
565,Politics,Killing people in the name of Gau Bhakti is not acceptable: PM Modi
566,Non-Political,Saw this on Twitter
567,Non-Political,Benefits of an android phone is that you can customise it
568,Politics,Deccan Herald continues to deliver
569,Non-Political,"For people sorting by new, meet two new members of our family"
570,Non-Political,What TF has happened to my fellow countrymen on LinkedIn?
571,Politics,Chowkidhaar's nightmare
572,Non-Political,I work as a psychologist for children and teens. This is from a 10th standard student I've been counselling for the past few years.
573,Politics,We've Just Seen the First Use of Deepfakes in an Indian Election Campaign
574,Non-Political,This pic of Mumbai Conservancy workers cleaning gutters.....
575,Coronavirus,No 'Clapping' Doesn't Kill Coronavirus.. God help this society.
576,Politics,Cartoon of the day: Jharkhand Election Results by @CartoonistAlok
577,Non-Political,Kiki challenge. Indian edition
578,[R]eddiquette,They're just everywhere these days.
579,Non-Political,"My neighbour's door, summarises cultural values of India !!"
580,Non-Political,How do you know if someone went to IIT? They'll tell you.
581,[R]eddiquette,I finally convinced him. That awesome moment when you understand the essense of life
582,Politics,1981: When Atal Bihari Vajpayee broke protocol to meet Faiz Ahmed Faiz.
583,Politics,"Hasan Minhaj Has Heard His Fans, Next 'Patriot Act' Episode on CAA-NRC"
584,Sports,"Srinivasa Gowda (28) from Moodabidri in Dakshina Kannada district, Karnataka who Ran 142.5 meters in just 13.62 seconds at a ""Kambala"" or Buffalo race in a slushy paddy field. 100 meters in JUST 9.55 seconds!"
585,Non-Political,This Rajasthan cop built a school to educate 450 children who used to beg on streets
586,Non-Political,"Friends, Indians, countrymen, I cleared UPSC CSE 2018."
587,Non-Political,"[NP] I called the police and ambulance on a road accident victim. Ambulance shows up in 4 min, police show up in 20."
588,Politics,"ICYMI, here‚Äôs what basically happened between Kunal Kamra and Arnab Goswami on an Indigo flight for which Kamra got banned for 6 months"
589,Business/Finance,Government Employees be like
590,Non-Political,My hostel canteen has some advice
591,[R]eddiquette,Kerala's first legal trans-couple wedding: Transgender couple Ishan K Shan and Surya got married in Thiruvananthapuram on Thursday. [NP]
592,Non-Political,"Thank you, India."
593,Non-Political,How to transport a bed for free in Bangalore?
594,Non-Political,Found this on map porn. We're the second unhappiest in Asia : (
595,Politics,Mentality towards gurus in a nutshell
596,Non-Political,Did you ever get frustrated when you decided to travel to a new country? I made a site to help Indians find requirements for 200+ countries around the world
597,Politics,Do we have any words to describe this picture? - Three Madhya Pradesh policeman attacked the very old woman and broke her bones.
599,Politics,I said it first.
600,[R]eddiquette,"Local Tourists destroying Stone Pillars in Heritage Site at Hampi, Karnataka"
601,Politics,Can I get justice please
602,Politics,Prime Minister Modi exposed his communal mindset when he said protestors can be identified by their clothes...And this Malayalee girl gave the PM a tit-for-tat. History: Kings and emperors who underestimated the intelligence and wisdom of people brought doomsday on themselves. (@vinodjose)
603,Non-Political,"ISRO: GSLV MkIII carrying Chandrayaan2 spacecraft, undergoing launch checks at launch pad in Sriharikota. Launch is scheduled at 2:51 am on July 15."
604,Non-Political,Me and my 10th std books(ICSE) [I am 5ft 10in]
605,Politics,"India would be much better off if people were offended by litterers, bribes, violence instead of not standing for national anthem, flag."
606,Politics,Indian graffiti artist (guesswhograffiti) demonstrating the state of Indian media in Fort Cochin.
607,Non-Political,10 month old Baby dies in UP govt hospital as everyone demands bribes for treatment
608,Coronavirus,From Kerala CM's Press Conference. > Financial package of Rs 20000 crore. > Free Ration to all for a month. > 2 months‚Äô pension to be given together. > One month extension to pay water & power bills. > Health package of Rs 500 crore. > Active COVID cases in the state is 25
609,Politics,"PM Modi is now literally quoting shit from""Faking News"" a satire website and passing it off as real news."
610,Non-Political,"Lodhi Art District, Delhi"
611,Non-Political,Road block at Karandla (near Nagpur)
612,Non-Political,My Sister Drew These ~ Hope you guys like it
613,Non-Political,Request: Please treat your office boys and office maids with dignity and respect
614,Non-Political,Spotify India official pricing
615,Non-Political,some honesty in this age
616,Politics,"Cops tried detain this man ahead of UP Bhawan. When asked why this lone man, who wasn't violating 144, was being detained, I was told ""sawal mat karo"". Told him it's literally my job to ask Questions. Thank God I had my press card. This is blatant religious profiling."
617,Non-Political,There is a sewage line placement going on near my residence and they literally destroyed the water pipeline and the electricity wires leading to no water and electricity for god knows how many days.
618,Non-Political,"Sapphire tree spider, native to the Coramandel Coast in Tamil Nadu"
619,Politics,Waiting for such an address by the PM...
620,Non-Political,Someone in my office had his last day today!
621,Politics,United Nations rejects Pakistan‚Äôs appeal for intervention on J-K
622,Politics,First time voting... From Vizag.
623,[R]eddiquette,"2 Indian nationals shot, 1 dead, in Kansas City. Suspect yelled ‚Äúget out of my country‚Äù before shooting men he thought were Middle Eastern"
624,Politics,BJP It cell vs Reality
625,Politics,Deccan Herald Speak Out: 20th January 2020.
626,Non-Political,A slice of Mumbai at night
627,Non-Political,This is the DON'T DRINK & DRIVE warning on the menu of Bar and Restaurant in Mangalore.
628,Politics,Ancient Indian Torrent Technology
629,Non-Political,"You shall not pass! Chandigarh, India."
630,Politics,When we come to power....
631,Non-Political,Took this snap of the Taj Mahal during my visit to India. Thought you'd all appreciate it.
632,Non-Political,[NP] NIT Kurukshetra issues official warning to students - Do not gatecrash weddings
633,Politics,"""The land was bought with blood not with papers"""
634,Politics,The Editors Guild of India has issued a statement
635,[R]eddiquette,This made me laugh and cry at the same time.
636,Non-Political,Shitpost
637,Politics,Howdy Modi ? All PR stunt of Modiji has gone down the drain. It would be a gigantic task to rebuild his image again.
638,Non-Political,Somewhere in Kerala
639,Non-Political,Meanwhile in Coimbatore
640,[R]eddiquette,India split into 4 regions of equal population
641,Politics,Welcome to New India
642,Photography,"Rishikesh, India. shot on One Plus 7T"
643,Politics,Mumbai Meri Jaan by Manjul
644,Photography,"Mount Abu, Rajasthan. Redmi Note 5 Pro (3000x3000)"
645,Policy/Economy,'Persons Can't Be Called Traitors Or Anti-Nationals For Opposing CAA' : Bombay HC Quashes Sec 144 Order [Read Judgment]
646,Politics,"Yes, please."
647,Food,"Baahubali Thali, as found somewhere in Delhi"
648,Non-Political,"Feeding time- A wildlife employee feeds two gorals after they were recovered from Trikuta mountains in Katra, Jammu, on Thursday."
649,Non-Political,Wish immigration was always like this. T3 Delhi.
650,AskIndia,"Intolerant India , you get abused for following the rules"
651,Non-Political,[NP] I see your Zojila and pull you a little down south to Kashmir Valley.
652,Non-Political,Saw this at my sister's place who has an interfaith marriage
653,Photography,"Startrail over Kanchenjunga It rained for almost two days without a hint of blue skies ,but on the third day, I got a small window to capture Kanchenjunga (8,586 m ) under Moonlight . Mount Kanchenjunga was considered as the highest Mountain until 1852.| 1600 x 1068"
654,Politics,"So sad, yet so true"
655,Politics,"Finally, I was able to change my Dad's mind on BJP.."
656,Non-Political,Pharrell Williams rethinking his life choices
658,Non-Political,Bet nobody saw Jacqueline Fernandez in Welcome
659,Non-Political,I took a picture of a school bus from behind. :)
660,Non-Political,Alarm set for 6 30 am.
661,Politics,Running in circles gets you nowhere
662,Non-Political,Spiderman spotted inside Delhi Metro
663,AskIndia,"Yin and yang puppies on the road, should i take them?"
664,Politics,Nagpur Protest aerial view
665,Non-Political,Hostel life at IIT Madras.
666,Politics,Sacked Jawan vs Terror Accused - Cartoon by Ishtiyaque
667,[R]eddiquette,[Update] Unable to pay college fee. Need financial assistance...
668,Non-Political,Spotted at my college bus stop.
669,Non-Political,My father injured his leg and had to buy a walker. Our driver went to buy it and it's.. kinda mean-spirited
670,Business/Finance,YES Bank Crisis
671,Non-Political,Every school ever
672,Non-Political,From r/funny :D
673,Non-Political,I see your Good Bois and I raise you this Cool Boi
674,Non-Political,"Hotstar is censoring anything remotely against Disney, even jokes!"
675,Non-Political,It be like that
676,Non-Political,"Mizoram Boy Mistakenly Runs Over Chicken With Cycle, Takes It To Hospital With All The Money He Had."
677,Politics,You won't believe how she lost so much weight in just a year.
678,Politics,"This is JNUSU president Aishe Ghose who has been attacked by ABVP goons. They have infiltrated the campus with police backing and is harassing and attacking students with rods and lathis. Please spread the message, the truth must go out."
679,Non-Political,"Two days back, I kayaked solo to this rocky island near Udupi. I paddled 21 km in 10 hours to reach here."
680,Science/Technology,"‚ÄòThe most terrifying moments‚Äô: India counts down to risky Moon landing | If touchdown is successful, Chandrayaan-2 will be the first lunar mission to explore the south pole."
681,Politics,"Behind the wall, in case Trump is curious."
682,Policy/Economy,Rebuild the fourth pillar (Not OC)
683,Photography,This mildly interesting imprint left behind after years of use. [Delhi Metro]
684,Non-Political,"Maharashtra Man with Rs 3 in His Pocket Returns Rs 40,000 Lying at Bus Stop, Refuses Any Cash Reward"
685,Non-Political,Thank you fellow redditors for all your support. This is a follow-up post for the dog i found last night. The owner contacted me after he heard that I found a lost husky. I did confirm that it was him who owned the dog. Everything checks out. And there was a beautiful reunion I wish I filmed
686,Non-Political,The cream to biscuit ratio in this biscuit.
687,Photography,I photographed a lightning strike
688,Politics,How to identify the protest
689,Non-Political,Leh-Ladakh. On our way to a small village called Chiling.
690,Non-Political,"Took a photo of my financee's hand holding a diya, on Diwali. [NP]"
691,Coronavirus,"Goa is STARVING due to 100% lockdown, and I need you to know about us"
692,Business/Finance,Zomato's logo explained!
693,Politics,Beware what you wish for!!!
694,Politics,Land of Statues.
695,Non-Political,This is the photo of a bridge in Kerela after the floods receeded.Mother Nature returns our gift with a thanks.
696,Non-Political,Indians on quora [NP]
697,Policy/Economy,500 rupee and 1000 rupee currency notes won't be legal tender any more
698,Photography,[OC] The Taj Mahal On A Bright Morning! - Taken on a Samsung Galaxy S10 Plus (3019 x 4012 px)
699,Coronavirus,Coronotsav!
700,Coronavirus,"Govt takes over Hyatt, Marriott, other Lucknow 5-star hotels to lodge medical staff fighting Covid-19"
701,Non-Political,"Got bored while working, ended up doing a procedurally generated Ashoka chakra."
702,AskIndia,"In today's TOI, both Aakash and Allen Institute claim several of the Top 10 AIR in NEET 2019 were coached by them. How is this even possible?"
703,Politics,Leader of world's largest democracy - @arvindtm
704,Non-Political,Cobbler resorts to religious solutions to stop people from littering beside his stall
705,Politics,Allahabad: Samajwadi Party Spokesperson IP Singh put up hoarding of BJP rape convicts next to the one shaming Protestors.
706,Politics,One can want to not support any party at all. Just get over it
707,Non-Political,A perfect encapsulation of traffic in Indian cities [Mumbai Suburban]
708,Politics,Is this what we are morphing into?
709,Politics,"Gandhi assassination depicted on Kerala Budget cover page (February 07, 2020)"
710,Politics,CURRENTJRIWAL. via: Telegraph
711,Scheduled,Woke up to a magnificent view of Pune city behind the new Hyperloop tracks. #SuperPower2020
712,Politics,Arun Jailey passes away
713,Photography,Beauty in symmetry ( Unjha Temple - Gujrat India)
714,Politics,"COVID-19: Man posts ‚Äòno ventilators in Ludhiana‚Äô on Facebook, booked for sedition"
716,Non-Political,"Found this on my way home from school. Ladies and gentlemen, the Fast & F√ºhrerious!"
717,Non-Political,Zero Shadow Day in Bangalore
718,Non-Political,Bombay glows after it rains
719,Coronavirus,Coronavirus survival kit. World Vs. India.
720,Photography,"New year eve - Triund, Dharamshala HP 1600x1555 [OC]"
721,Non-Political,"Most of the buses in Kerala has this. I don't know why when I noticed this today, I was thinking about how we took this for granted. Never thought there would be a time like this in our country when we'll have to fight for our unity."
722,Business/Finance,SBI and its Yono App
723,[R]eddiquette,"4 Years Since R.K Laxman Left Us. RIP, sir."
724,Politics,Rare picture of Gandhari using VR headset to live stream the War.
725,Non-Political,[Original Post] Hundreds of millions of people are coming online for the first time in their lives. Be gentle with them and help them as much as you can. Don't be a bully.
726,Politics,NDTV's Ravish Kumar Wins 2019 Ramon Magsaysay Award
727,Non-Political,Found at your local public urinal
728,Sports,Magnificent Mary. [OC]
729,Non-Political,Proof that India had self-driving car technology before TESLA did
730,Non-Political,This is more powerful than a legal contract in India
731,Non-Political,On my rickshaw this morning. Like the two are equally offensive?!
732,Sports,Congratulations to The Indian women's hockey team for the secured a place in the final round of Tokyo Olympic qualifiers after beating lower-ranked Chile 4-2 in the semifinals of FIH series finals.
733,Non-Political,"Despite heavy rain in Guwahati today, This traffic police ( Constable Mithun Das of Guwahati City Police ) did not leave his duty."
734,Science/Technology,"[R] Please don't get Jio Gigafiber, and I have several reasons to say so. I am cancelling my connections and I hope what I say in this post are compelling enough for you to support me."
735,Non-Political,"A rare perspective of winters in Agra, U.P."
736,Sports,India won 233 medals in special olympics
737,Non-Political,The fit is perfect! I can only imagine the script
738,Politics,"West Bengal government has put total ban on manufacture, storage, distribution and sale of gutka and pan masala in the state for a year with effect from 7th November."
739,Unverified,"Bribe on, you crazy diamond"
740,Coronavirus,"No, he is not helping at all."
741,Non-Political,"Anyone else remember the laser light & the assortment of lenses available in India, back in the 2000."
742,Politics,Found Indian Niel DeGrasse Tyson
743,Politics,Pencilashan's cartoons hit hard every time
744,Non-Political,Never share your OTP with others.
745,Non-Political,Front page(s) of Times of India
746,Politics,"Spurned by Congress for years, Dalits in Delhi say Arvind Kejriwal didn't just bring 'innovative' school reforms, but also equality in education"
747,Non-Political,Students cleaning up the roads after protest
748,Politics,Step aside Nathuram. We have new hindutva terrorists and they come in uniforms.
749,Science/Technology,India investing more money in Solar Power than Coal for first time
750,Non-Political,School Report card from pre independent India
751,Food,Man vs Mutton
752,Coronavirus,Social distancing at stall of vegetable vendor in Village called Talegoan Dabhade near Pune in Maharashtra...
753,Politics,I don't know how it works for them for votebank
754,Politics,"Indore: Congress' Shashi Tharoor reacts on US Pres calling PM Modi 'Father of the nation'. Says ""...Maybe Mr Trump doesn't know independent India was born in 1947 & Modi ji's birth date is either 1949 or '50. It'll be difficult if the father is born after the child..."""
755,Politics,CAB explained in one picture!
756,Non-Political,Elderly couple in TN uses plastic furniture to fight off armed intruders
757,Politics,"Mohammad Rafique refused to accept any payment for the tea he served me. ‚ÄúBut I want to contribute,‚Äù I protested. ‚ÄúSo do I,‚Äù he replied."
758,Coronavirus,"The social distance called ""priviledge"""
759,Politics,Deccan Herald Speak Out: 15th January 2020.
760,Politics,I did this for my hero... I did it for Rohit
761,Politics,"People, fear not. New security features added to Aadhaar Database that'll prevent unauthorized access. Pic for illustration."
762,Non-Political,Paragliding the first time.. what could go wrong
763,Politics,Rant: In India everything matters except the real issues.
764,Politics,Gujarat Model Implemented all over India successfully
765,Non-Political,"[OC] A spooky sight - Peacock on a barren tree. Shot on iPhone SE, no filters."
766,[R]eddiquette,Eid Mubarak!
767,Non-Political,Spotted in noida. Black window panes and no number plate.
768,Unverified,"Just one word, can we get those days again!"
769,Policy/Economy,Deccan Herald Speak Out: 22nd January 2020
770,Non-Political,stolen from r/wellthatsucks
771,Unverified,"I am a doctor working in a COVID-19 screening centre and for the first time in my life, I fucking hate my job"
772,Non-Political,I took this picture of Goats near my college ( IIT Mandi )
773,Politics,Not in my name! #Lynching #JaiShriRam
774,Non-Political,A normal day in nagpur.
775,Politics,Choose one.
776,Politics,"'Triple Talaq Unconstitutional', Says Supreme Court In Majority Verdict"
777,Non-Political,GTA 5 girl wearing a beautiful saree
778,Non-Political,"Munnar, Kerala"
779,Non-Political,As in depth news coverage of the monsoons (Repost) [NP]
780,Non-Political,"Johnny Sins, Mia Khalifa and Sunny Leone welcome you to Sree Narayana Polytechnic College, Kottiyam, Kerala."
781,Non-Political,Aizawl has these tiny roadside libraries
782,Non-Political,"My uber driver last night, Rakesh, carries his own water from home in a thermos and a cup, do reduce waste generated by bottles."
783,Non-Political,Breaking news: Sridevi passes away
784,AskIndia,"Hi I'm Shashi Tharoor. Ask me Anything on India, politics, foreign affairs, history, and more!"
785,Politics,Preach!üôå
786,Photography,"[OC] I see your Milky Way from the Himalayas and Mumbai. I raise you this shot from Bhopal. Comparison between one exposure vs 120 exposures stacked together. [Nikon D3100, 2608x3509] (X-post from r/space)"
787,Politics,"Farmer Gets Rs 1,064 For 750 kg Of Onion, Sends Money To PM In Protest"
788,Non-Political,Some people never learn from their past mistakes.
790,Non-Political,[Non-political] A/c train queue system implemented by people on their own
791,Sports,Our girls running the marathon had no one to give them water during the race. The Indian desk at the race was unmanned. - @bhogleharsha
792,Non-Political,Genelia convention
793,Politics,I'm at India Gate protesting this fascist regime and their attempt to destroy the basic structure of our Constitution.
794,Photography,"Marina Beach, Tamil Nadu. [OC], Oneplus 5, 2048*1536."
795,Unverified,Restaurant (1BHK Superbar) in Pune called and threatened me about my Zomato Review about their illegal service tax.
796,Politics,Man labelled pervert and Delhi ka darinda acquitted in molestation case after 4 years
797,Politics,The Fault in our Gaddaars ; credit:@nishlesh
798,Politics,"Bark Arnab Bark, by Pencilashan"
799,Non-Political,I beg you!!!
800,Non-Political,Indian Empire Passport of my great grandmother
801,Non-Political,Abhay Deol tells..
802,Non-Political,Venice vs Mumbai
803,Non-Political,"Feni thunderstorm @bhubaneswar, terrifying yet beautiful."
804,Non-Political,There's English...& then there's Indian judicial English. From the Indian Supreme Ct's judgment in the Sasikala Case
805,Politics,MP Ranjan Gogoi
806,Politics,Anurag Kashyap demands PM Narendra Modi‚Äôs father‚Äôs birth certificate
807,Politics,Modi's Interview with India Nation clearly shows the script in his hands with the question. A big time blooper or something intentional?
808,Business/Finance,My Uber Eats order was delivered in Zomato packaging by a guy in a Swiggy shirt
809,Non-Political,[NP] That explains the overpopulation..
810,Politics,I shall not keep quiet.
811,AskIndia,I Am An Aam Aadmi Party MLA. Ask Me Anything!
812,Unverified,Ahmedabad tinder in a nutshell
813,Politics,10 stages of genocide. Where does India stand? #CAB
814,Non-Political,A Cathay Pacific B747 departs to HKG on a rainy day from Mumbai (BOM)
815,Business/Finance,"Andheri, Bombay."
816,Policy/Economy,"Arrest Aadhaar authorities, not journalist who exposed data breach: Edward Snowden"
817,Politics,Nothing like brilliant sense of humor amidst crisis
818,Politics,Pakistani friend of mine tried a Lays India's Magic Masala for the first time
819,Politics,"Manmohan Singh on Kathua, Unnao rape cases: ""PM Modi should follow own advice to me, speak more often"""
821,Unverified,"Metropolitan Building, Esplanade, Kolkata. Shot on Moto One Vision [4000√ó3000]."
822,Politics,Gujarat Model Reaches Delhi
823,Politics,The Indian Government Wants to Research the Benefits of Cow Dung and Urine. Scientists Say Please Don‚Äôt
824,Politics,Lesson for Delhi Police as Kolkata Police arrest three BJP workers for chanting ‚ÄòGoli Maaron Saalon Ko‚Äô slogan in Amit Shah‚Äôs rally
825,Non-Political,iPhone X customer questions and answers are right on point on Amazon India.
826,Policy/Economy,A senior citizen today in Kolkata- ‚ÄòI love my country but not my Government.‚Äô (Image captured by me)
827,Non-Political,This puts a smile on my face
828,Non-Political,Creepaid Plan
829,Photography,"Here is another wall Graffiti, kasba peth, old Pune"
830,Non-Political,"[NP]I see your Andaman ‚Çπ20 note picture and give you West Sikkim, Kanchendzonga ‚Çπ100 ."
831,Non-Political,Is your college among the elite?
832,Politics,Sitaram Yechury: Then and Now
833,Photography,Patrika Gate Jaipur clicked by vivo v9
834,Non-Political,"""The calm before the storm."" - Digital Painting, 2019."
835,Non-Political,He came Mulki to kayak after seeing the sunrise post from /r/india
836,Non-Political,This gave me a chuckle
837,Politics,Long time no meme.
838,Non-Political,Why Coronavirus doesnt scare Indians!!
839,Non-Political,Balancing work an family like a boss
840,Policy/Economy,Deccan Herald Speak Out: 25th January 2020.
841,Non-Political,"This photograph of ""a vagrant mother and her derelict child watching the illuminated palace of Mysore during Dussehra"" taken by Nethra Raju ji is worth thousand words, that makes a long story of the world so short and clear. This is heart-wrenching, poignant and too egregious!"
842,Non-Political,Even Obama is proud of you!
843,Politics,Deccan Herals Speak Out: 30th December 2019.
844,Non-Political,Grandpa re-living his childhood days
845,Non-Political,Kolkata after the fani weekend
846,Non-Political,Salt March..
847,Politics,Deccan Herald Speak Out: 3rd March 2020.
848,Photography,"Kasol, Himachal Pradesh"
849,Politics,"Hello folks, Alt News completes 3 years today! You're the reason we have been able to sustain ourselves. Your desire for the truth keeps us motivated. Continue to be a part of this fight against misinformation. Donate to Alt News at: http://instamojo.com/@altnews Thank you!"
850,Politics,Deccan Herald Speak Out: 17th February 2020.
851,Non-Political,SHITPOST ALERT: I waited for a year to post this.
852,Policy/Economy,"BJP openly calling Rana Ayyub a ""Jihadi"" & declaring India is ""Hindutva Bharat"""
853,Photography,"[OC] Dusk at IIT Hyderabad. OnePlus 5T, non edited."
854,Coronavirus,Social Distancing level- Dad
855,Politics,Deccan Herald strikes again.
856,Politics,Faasos trolling Modi
857,Politics,Varanasi uses 1.4 lakh litres of water to wash roads for Modi | Over 30 per cent of the population goes without piped water in the temple city
858,Non-Political,[NP] Hey r/India! I build and fly racing drones. Here's a short clip from my weekend at Bangalore
859,Non-Political,Fuck people who behave like this
860,Non-Political,super moon desi edition
861,Non-Political,Hah whats ur opinion
862,Politics,"'Filmed, Blackmailed, Raped': Student's Charge Against BJP's Chinmayanand"
863,Non-Political,"Success in India is based on studying, having a job...where‚Äôs the creativity?: Steve Wozniak"
864,Unverified,That‚Äôs my cousin. He was beaten and kicked at Saket Metro Station just because he was asked his name and he replied Abdul Zain Khan. Please tell me that the poison of hatred sowed by the rulers of this country shall not reach me. It has reached. And it‚Äôll reach you next. üëâüèæ
865,Non-Political,I think they stopped doing this nowadays.
866,Politics,"Mai Bhi Chowkidar, cartoon by Satish Acharya"
867,Non-Political,Dramatic rainclouds in Chennai [np]
868,Non-Political,[NP] Indians at Taco Bell be like...
869,Non-Political,Being an RCB fan hurts...
870,Non-Political,"What my class (Austria 11th school level) is thinking, when they think about india"
871,Politics,This politician brought Virat Kohli as his chief guest during a rally
872,Politics,Congress Ads are in uTorrent now
873,Non-Political,"View from my plane while i leave my house to purchase bhaaji, gonna miss this place the whole 15 minutes"
874,Non-Political,My mother hasn't made anything since 1992 and this is what she made within a short span of 2 weeks.
875,[R]eddiquette,"[NP] Shooter Heena Sidhu withdraws from tournament in Iran, says won't wear hijab"
876,Policy/Economy,"At the Azad Maidan protest in Mumbai yesterday, February 15, 2020."
877,Politics,Let this be the first image the world sees when they wake up tomorrow! Sending love from r/india
878,Non-Political,[NP] Transporting elephant in yenda Keralam!
879,Politics,"Hundreds of Huts of 'Illegal Bangladeshi Immigrants' Razed in Bengaluru, Turns Out All Are Indians"
880,Politics,Former Prime Minister Dr Manmohan Singh: The state of our economy is deeply worrying but I will argue how the state of our society is even more worrisome.
881,Non-Political,Official PeeingHuman is 1 strike away from being banned on YouTube.
882,Non-Political,When your friends from the other species attend your wedding..
883,Politics,"Indian Democrazy, by Ray"
884,Non-Political,"Art installation in a pandal, Buroshibtala, Kolkata"
885,Non-Political,Life as is
886,Unverified,To protect themselves from coronavirus these Indians are bathing in cow dung
887,Non-Political,A monk in Mumbai
888,Non-Political,People need to shake off this insecurity
889,Politics,best placard i saw on the Internet from todays protest
890,Non-Political,When your senior sends you notes and youre too lazy to proofread | Economic Times
891,Politics,Statue Of Unity
892,Politics,"If you are in Delhi, go to JNU, call the police NOW!!"
893,Non-Political,"Where third grade drawings come alive. Manali, Himachal Pradesh."
894,Politics,Let Them Eat Statues: Narendra Modi is building multimillion-dollar monuments while India's poorest citizens die of hunger and preventable diseases.
895,Politics,Cartoon: How India's NRC + CAB laws function for Muslims.
896,Policy/Economy,The GDP wars.
897,Non-Political,Goa Police crowdfunding traffic management
898,Non-Political,Trashtag challenge completed!
899,Non-Political,Found this in the outskirts of Hyderabad. It works.
900,Non-Political,"Boxer swims 2.5km in flood water to join his team, wins SILVER in state level championship"
901,Non-Political,Individually wrapped cotton swabs. Because F nature
902,Non-Political,Happy Holi from Delhi!
903,Non-Political,"My Ola driver last night, Sardar Singh, is a human being and has a head, two hands and two legs. I think he is genetically similar to me #redditisnowfacebook"
904,Politics,J&K DSP arrested
905,Unverified,"If this is remotely true, we've failed as a people."
906,Non-Political,Mumbai Police: When he argues to ride a motorcycle without wearing helmet #SillyBoy
907,Politics,Modiji is jealous because we have Real Degrees #CAAProtests
908,Non-Political,The name of my delivery executive on Swiggy is Bright Future.
909,Politics,‚ÄòThey mislead people‚Äô: Zee Media employee resigns over TV channel‚Äôs coverage of Jamia protest
910,[R]eddiquette,"r/india, you made it to news. Today's 'The Hindu' Metroplus attachment."
911,Politics,Japan Prime Minister Shinzo Abe May Cancel India Visit Amid Protests Over Citizenship Act: Report
912,Non-Political,"Gangs Of Wasseypur only Indian film to feature on The Guardian's list of 100 Best Films of 21st century- Entertainment News, Firstpost"
913,[R]eddiquette,Just saw this on a temple.
914,Politics,"Asked Microsoft CEO Satya Nadella about India's new Citizenship Act. ""I think what is happening is sad... It's just bad.... I would love to see a Bangladeshi immigrant who comes to India and creates the next unicorn in India or becomes the next CEO of Infosys"""
915,[R]eddiquette,"My friend's father has been missing since 22nd Feb from Howrah Station. Please reddit, help us find him."
916,Non-Political,Saw this guy eating on the platform but didn't realise he just freakin' left it on his seat until I got off my phone and looked around a bit.. What the hell is wrong with these people?! How hard is it to take it with you and just throw it in the dustbin instead of a metro seat.
917,Non-Political,Bangalore Traffic at it again
918,Non-Political,So I installed the Be My Eyes app on my phone two days ago and I got a call today! The person talked in Hindi!
919,Non-Political,"Just moved to Borivali, Mumbai. This is the view from my new bedroom."
920,Politics,Line of no control - Sandeep Adhwaryu
922,Politics,"Prove it, you *@#! Else..."
923,Policy/Economy,"News: India stops printing Rs 2,000 note, two years after its shock launch"
924,Photography,Spices of North Karnataka
925,Non-Political,"Question paper in IISER, Pune"
926,Non-Political,"BEWARE: while using Jio Public Wi-Fi, you are agreeing to these iniquitous terms. This is unacceptable."
927,Non-Political,Mumbai. 1:28am.
928,Politics,The country is not your property.
929,Non-Political,Pharrell Williams' 'Happy' by Indian AirForce doctors
930,Politics,"In Big Boost to India, France Wants Masood Azhar on Global Terrorist List, to Move Proposal at UN Soon"
931,Non-Political,"Puia, the part-time watchman, full time artist is working on his first Mural and being paid for it. Chickpete metro station, Bengaluru. Show some love and support, reddit :)"
932,Unverified,Absolutely shocked at INOX garuda mall (Bangalore)
933,Non-Political,Indian GOAT
934,Politics,John Oliver slams Arnab Goswami and Hotstar
935,Non-Political,MRW my parents are grilling my brother about his gf
936,Sports,The incomplete end of an era.
937,Politics,"Mumbai, right now..."
938,Non-Political,Meet the dumbest creature on the planet.
939,Non-Political,Currently visiting India.. this room I'm using to code in was bleeding Cyberpunk vibes. The camera surveying the room in the top-right was the icing on the cake.
940,Non-Political,This morning at Kaziranga
942,Politics,Breaking News.
943,[R]eddiquette,"Barun Biswas, a teacher who gave his life to save a village from mass rapists"
944,Politics,South India is BJP-free!
945,Non-Political,James Bonda
946,Non-Political,Noida after hailstorm
947,Non-Political,HR in Indian offices
948,Non-Political,I need help with my little boy's new friend from India.
949,Non-Political,"The Milky Way from Tosh, Paravati Valley, Himachal Pradesh"
950,Politics,Why is that?
951,Politics,Throwback to the greatest Yoga Day photograph ever. Deve Gowda
952,Non-Political,"[NP] When the first letter of your neon sign stops working (Kailash Hospital, Noida)"
953,Science/Technology,GSLV Mk 3 launch as seen from my office in Chennai.
954,Politics,"Slayed by DH, again"
955,Photography,"Taken a while back from the PSLV satellite launch at Sriharikota, Andhra Pradesh."
956,Politics,"Mods are sleeping, upvote this lotus to the front page"
957,Non-Political,Morning Scenes in my village!
958,Policy/Economy,De-infinitising stones [NP]
959,Coronavirus,ANI spreading another misinformation about Tabligh Jamat
960,Non-Political,"""The Things I Did For Love"" (OC, Procreate, Apple Pencil)"
961,Politics,Hold it by the head and strike right into the heart; credits:@ahammedjaffar
962,Non-Political,"Accept gay relationships; all suppression is wrong, says Supreme Court"
963,Politics,"Russia backs India, says J&K move 'carried out within framework of Constitution'"
964,Science/Technology,1960s :: Physicist C.V.Raman Teaching In Class
965,[R]eddiquette,"The hero we need, but not the one we deserve"
966,Non-Political,"In Kolkata, a College Admission Form Allows You to Choose 'Humanity' as Religion"
967,Politics,"It is not truth that matters, but victory."
968,Non-Political,"Rare pic of Einstein, Yukawa (1st Japanese Nobel), Wheeler (who coined ""black hole"") & India's own Homi Bhabha on a walk in the woods."
969,Photography,"The lesser known Mumbai - Closely related to corals, these zoanthids live on the rocky shores of Napean Sea Road. [703x1280]"
970,Politics,Mumbai Students protesting against CAA and NRC in Wankhede stadium during First India v Australia one day international today... (Source in Comments)
971,Politics,Inquilab Zindabad
972,Politics,'Your vote could be the difference': The Hindu ad today
973,Politics,The silent PM!
974,Food,"Take a break, with the new Kit-Kat."
975,Food,I made paav bhaji with homemade dinner rolls.
976,Sports,"Bajrang Punia, who won a silver medal in last month‚Äôs World Championships at Budapest, is now ranked No. 1 in the world, according to the ranking chart released by the United World Wrestling. He is the first Indian to be ranked no.1"
977,Non-Political,[Serious] He flew to India and ghosted me. Found out he got married. Please help me understand the culture.
978,Politics,Bharat Ratna Atal Bihari Vajpayee dies at 93 in Delhi‚Äôs AIIMS hospital
979,Business/Finance,Uber sells India food business to rival Zomato to cut losses
980,Politics,Plot twist
981,Unverified,Sense in the time of Corona
982,Non-Political,Yesterday on Bigbasket.
983,Politics,"Vidisha Maitra, First Secretary MEA exercises India's right of reply to Pakistan PM Imran Khan's speech: Will Pakistan acknowledge that it is the only govt in the world that provides pension to an individual listed by the UN in the Al-Qaeda and Daesh sanctions list? : ANI on Twitter"
984,Food,"Tasty onion pakoda after trekking on Sinhagad Fort, Pune"
985,Non-Political,Aunties having an important conversation
986,Politics,This is how the world ends
987,Politics,A conversation.
